Ô,Dòng,Cột,Giá trị hiện tại,Sửa thành,Loại
G168,168,CPU,Core i5 12500H,Core i5 12500H,Trùng lặp
G171,171,CPU,Core i5 1340P,Core i5 1340P,Trùng lặp
G167,167,CPU,Core I5 13500H,Core i5 13500H,Trùng lặp
G172,172,CPU,Core I7 13700H,Core i7 13700H,Trùng lặp
G225,225,CPU,Core i7-12650H,Core i7 12650H,Trùng lặp
G143,143,CPU,Core i9 13900H,Core i9 13900H,Trùng lặp
R102,102,CPU,Core Ultra 5 125H,Core 5 125H,Ánh xạ lệch
R317,317,CPU,Core Ultra 5 236V vPro,Core Ultra 5 236V,Ánh xạ lệch
R103,103,CPU,Core Ultra 7 155H,Core 7 155H,Ánh xạ lệch
R525,525,CPU,Core Ultra 9 290HX Plus,Core Ultra 9 290HX,Ánh xạ lệch
R41,41,CPU,Ryzen 7 260,Ryzen AI 7 260,Ánh xạ lệch
G156,156,CPU,Ryzen 7 AI 350,Ryzen AI 7 350,Trùng lặp
G194,194,CPU,Ryzen 7-4700U,Ryzen 7 4700U,Trùng lặp
G56,56,CPU,Ryzen 9 5900Hs,Ryzen 9 5900HS,Trùng lặp
G142,142,CPU,Ryzen AI 9 370HX,Ryzen AI 9 HX 370,Trùng lặp
G220,220,CPU,Ryzen AI 9 HX370,Ryzen AI 9 HX 370,Trùng lặp
G30,30,CPU,Ryzen AI MAX+ 392,Ryzen AI Max+ 392,Trùng lặp
G23,23,CPU,Ryzen AI MAX+ 395,Ryzen AI Max+ 395,Trùng lặp
G117,117,CPU,Ryzen R7 3700U,Ryzen 7 3700U,Trùng lặp
G233,233,CPU,Ryzen R9 8940HX,Ryzen 9 8940HX,Trùng lặp
G236,236,CPU,Snapdragon X Plus X1P 42 100,Snapdragon X Plus X1P-42-100,Trùng lặp
R466,466,CPU,"Snapdragon X Plus X1P-42-100, 8C",Snapdragon X Plus X1P-42-100,Ánh xạ lệch
G234,234,CPU,Snapdragon X X1 26 100,Snapdragon X X1-26-100,Trùng lặp
G235,235,CPU,Snapdragon X2 Elite X2E 88 100,Snapdragon X2 Elite X2E-88-100,Trùng lặp
J119,119,GPU,Adreno,Qualcomm Adreno,Trùng lặp
N145,145,GPU,"AMD Radeon 520, 2 GB",AMD Radeon 520,Ánh xạ lệch
J37,37,GPU,AMD Radeon 610M Graphics,AMD Radeon 610M,Trùng lặp
J69,69,GPU,AMD Radeon 660M Graphics,AMD Radeon 660M,Trùng lặp
J30,30,GPU,AMD Radeon 680M Graphics,AMD Radeon 680M,Trùng lặp
J38,38,GPU,AMD Radeon 740M Graphics,AMD Radeon 740M,Trùng lặp
J72,72,GPU,AMD Radeon 780M Graphics,AMD Radeon 780M,Trùng lặp
J88,88,GPU,AMD Radeon 8060S Graphics,AMD Radeon 8060S,Trùng lặp
J66,66,GPU,AMD Radeon 820M Graphics,AMD Radeon 820M,Trùng lặp
J39,39,GPU,AMD Radeon 840M Graphics,AMD Radeon 840M,Trùng lặp
J42,42,GPU,AMD Radeon 860M Graphics,AMD Radeon 860M,Trùng lặp
J45,45,GPU,AMD Radeon 890M Graphics,AMD Radeon 890M,Trùng lặp
J97,97,GPU,AMD Radeon RX 6800S 8GB GDDR6,AMD Radeon Graphics,Trùng lặp
J89,89,GPU,"AMD Radeon RX 7600S 8GB GDDR6, up to 95W(SmartShift)",AMD Radeon Graphics,Trùng lặp
J62,62,GPU,AMD Radeon RX Graphics Vega 7,AMD Radeon Vega 7,Trùng lặp
J80,80,GPU,AMD Radeon,AMD Radeon Graphics,Trùng lặp
J48,48,GPU,AMD Radeon™ Graphics,AMD Radeon Graphics,Trùng lặp
J101,101,GPU,AMD Radeon™ RX 6700S,AMD Radeon Graphics,Trùng lặp
J95,95,GPU,AMD Radeon™ RX 7600S 8GB GDDR6,AMD Radeon Graphics,Trùng lặp
J57,57,GPU,AMD Radeon™ RX Vega 10 Graphics,AMD Radeon RX Vega 10,Trùng lặp
J100,100,GPU,AMD Radeon™ Vega 7 Graphics,AMD Radeon Vega 7,Trùng lặp
J91,91,GPU,Geforce GTX 1650 4GB,GTX 1650,Trùng lặp
N31,31,GPU,Graphics,AMD Radeon 610M,Ánh xạ lệch
N155,155,GPU,Intel Arc Graphics,Intel Arc Graphics 130T,Ánh xạ lệch
N180,180,GPU,Intel Arc Graphics,Intel Arc Graphics 130T,Ánh xạ lệch
N28,28,GPU,Intel Arc Graphics,Intel Arc Graphics 130V,Ánh xạ lệch
N58,58,GPU,Intel Arc Graphics,Intel Arc Graphics 130V,Ánh xạ lệch
N148,148,GPU,Intel Arc Graphics,Intel Arc Graphics 130V,Ánh xạ lệch
N153,153,GPU,Intel Arc Graphics,Intel Arc Graphics 140T,Ánh xạ lệch
N62,62,GPU,Intel Arc Graphics,Intel Arc Graphics 140V,Ánh xạ lệch
N152,152,GPU,Intel Arc Graphics,Intel Arc Graphics 140V,Ánh xạ lệch
J35,35,GPU,Intel Graphics HD 520,Intel HD Graphics 520,Trùng lặp
J29,29,GPU,Intel Iris Xe Graphics eligible,Intel Iris Xe Graphics,Trùng lặp
J96,96,GPU,Intel Iris Xe Graphics,Intel Iris Xe Graphics,Trùng lặp
J47,47,GPU,Intel Iris Xe,Intel Iris Xe Graphics,Trùng lặp
J4,4,GPU,Intel UHD,Intel UHD Graphics,Trùng lặp
J26,26,GPU,Intel® Arc Graphics,Intel Arc Graphics,Trùng lặp
J92,92,GPU,Intel® Arc™ Graphics,Intel Arc Graphics,Trùng lặp
J90,90,GPU,Intel® UHD Graphics,Intel UHD Graphics,Trùng lặp
J115,115,GPU,MX570A,MX 570A,Trùng lặp
J74,74,GPU,NVIDIA / Intel Graphics,Intel Graphics,Trùng lặp
J59,59,GPU,NVIDIA GeForce GT 740M,GT 740M,Trùng lặp
J103,103,GPU,NVIDIA GeForce GTX 1650 4GB GDDR6 + AMD Radeon™ Graphics,GTX 1650,Trùng lặp
J93,93,GPU,NVIDIA GeForce GTX 1650 4GB GDDR6,GTX 1650,Trùng lặp
J105,105,GPU,"NVIDIA GeForce GTX 1650 Ti (4GB of GDDR6 SDRAM, Bus Width : 128-bit) ; AMD Radeon Graphics",GTX 1650Ti,Trùng lặp
J99,99,GPU,"NVIDIA GeForce GTX 1650, 4GB GDDR6",GTX 1650,Trùng lặp
J58,58,GPU,Nvidia GeForce GTX 960M,GTX 960M,Trùng lặp
J61,61,GPU,NVIDIA GeForce MX550 2GB GDDR6 / Intel Iris Xe Graphics,MX 550,Trùng lặp
J63,63,GPU,Nvidia GeForce MX570A 2GB / Intel Graphics,MX 570A,Trùng lặp
J52,52,GPU,NVIDIA GeForce MX570A 2GB GDDR6 Intel Iris Xe Graphics,MX 570A,Trùng lặp
J108,108,GPU,NVIDIA GeForce RTX 2050 4 GB GDDR6,RTX 2050,Trùng lặp
J112,112,GPU,NVIDIA GeForce RTX 2050 4GB GDDR6,RTX 2050,Trùng lặp
J107,107,GPU,"NVIDIA GeForce RTX 3050 Ti, 4GB GDDR6 Card tích hợp - AMD Radeon Graphics",RTX 3050Ti,Trùng lặp
J104,104,GPU,NVIDIA GeForce RTX 4070 (321 AI TOPs) 8GB GDDR6 AMD Radeon Graphics,RTX 4070,Trùng lặp
N67,67,GPU,NVIDIA GeForce RTX 4080,RTX 4080,Ánh xạ lệch
J98,98,GPU,"NVIDIA GeForce® GTX 1650 4GB GDDR6 (Boost Clock: 1615MHz, 50W)",GTX 1650,Trùng lặp
J113,113,GPU,"NVIDIA® GeForce RTX™ 2050 4GB GDDR6, Boost Clock 1575MHz, TGP 65W",RTX 2050,Trùng lặp
J106,106,GPU,NVIDIA® GeForce® MX550 2GB GDDR6,MX 550,Trùng lặp
J87,87,GPU,Qualcomm Adreno GPU,Qualcomm Adreno,Trùng lặp
J5,5,GPU,Radeon,AMD Radeon Graphics,Trùng lặp
J116,116,GPU,RTX 3050 Ti,RTX 3050Ti,Trùng lặp
N131,131,GPU,RTX 3070,RTX 3070Ti,Ánh xạ lệch
J23,23,GPU,RTX 4080,RTX 4080,Trùng lặp